Age,SDMT,EDSS,SNRS,CombiWISE,NeurEx,Brainstem_Atrophy,Brainstem_Lesion_Load,Cerebellum_Atrophy,GM_Lesion_Load,Medulla_Atrophy,Medulla_Lesion_Load,Vol_BrainParenchymalFr,Vol_CerebellumGM,Vol_Lesions,Vol_NormalWM,Vol_SulcalCSF,Vol_SupratentorialWM,Vol_TotalCSF,Vol_VentricularCSF
53.48594878915611,43.48101265822785,0.0,95,3.979567793,3.0,0,1.6962025316455696,0.679324894514768,0,0.7679324894514767,0,0.7412784810126584,0.07651898734177215,0.008700421940928271,0.31721097046413504,0.235,0.305,0.2587215189873418,0.02578481012658228